,,,None,,,,,,,,,,,,,,,,,,,,,Connector,,,,,,,,
,,,Connector,normal task - trick or treat,,,,,,,,,,,,,,,,,,,black cat - harder,None,pumpkin - skilling,,,,,,,
,None,pumpkin - skilling,,None,Connector,,,,,,,,,,,,,,,,,Connector,None,None,None,Connector,,,,,,Counts
,Connector,,None,None,None,black cat - harder,,,,,,None,,,None,,,,,,None,pumpkin - skilling,None,None,None,None,ghostie - kc,Connector,,,Normal task - trick or treat,30
ghostie - kc,,None,,,,,Connector,None,,,,,None,,None,,,None,None,ghostie - kc,Connector,,,,,,None,None,grave - wildy,,pumpkin - skilling,6
Connector,None,None,None,None,None,None,None,ghostie - kc,Connector,None,,,,None,None,None,None,pumpkin - skilling,Connector,None,,,,,,None,,,None,Connector,grave - wildy,6
grave - wildy,,,None,None,,,,,,normal task - trick or treat,Connector,,,None,None,None,Connector,None,None,,,,None,None,None,black cat - harder,,,None,ghostie - kc,ghostie - kc,14
Connector,None,,,,Connector,,,,,,,normal task - trick or treat,Connector,Connector,normal task - trick or treat,Connector,normal task - trick or treat,Connector,,,,None,,,Connector,,Connector,None,None,Connector,Black cat - harder,4
pumpkin - skilling,None,None,None,grave - wildy,None,ghostie - kc,Connector,None,None,,Connector,,,,,,,,Connector,,None,,,ghostie - kc,,None,ghostie - kc,None,None,normal task - trick or treat,end - bag of sweets,1
,,,Connector,,None,,,ghostie - kc,Connector,normal task - trick or treat,,,,,,,,,,normal task - trick or treat,,,Connector,,None,,,Connector,,None,Connector,64
,,pumpkin - skilling,,None,,,,,Connector,,,,,,,,,,,,Connector,normal task - trick or treat,,,None,,,None,grave - wildy,,None,
,Connector,,,Connector,,,,Connector,,,,,,,,,,,,,,Connector,,None,,,,None,Connector,,Start Here,60
normal task - trick or treat,,None,ghostie - kc,None,pumpkin - skilling,None,None,normal task - trick or treat,,,,,,,,,,,,,,normal task - trick or treat,None,None,None,None,None,None,None,ghostie - kc,need at minimum 30 houses,
,None,,Connector,None,None,Connector,,Connector,,,,,,,,,,,,,,Connector,,,,normal task - trick or treat,,,,,22 staff + 8 zenytes,
,,black cat - harder,None,,None,None,ghostie - kc,Connector,,,,,,,,,,,,,,Connector,,,Connector,,Connector,,,,~55 tiles in total,
,Connector,None,None,None,None,None,None,normal task - trick or treat,,,,,,,,,,,,,,normal task - trick or treat,Connector,pumpkin - skilling,None,None,None,grave - wildy,,,"In general, tiles will take somewhere between 3-8 EHB if we're keeping things fast paced",
normal task - trick or treat,None,,,None,None,,,Connector,,,,,,,,,,,,,,Connector,,,,,,,Connector,,,
None,None,,,Connector,,,,normal task - trick or treat,,,,,,,,,,,,,,normal task - trick or treat,,,,Connector,,,None,pumpkin - skilling,,
None,None,Connector,grave - wildy,,ghostie - kc,Connector,,,Connector,,,,,,,,,,,,Connector,,,Connector,black cat - harder,,pumpkin - skilling,Connector,,,Notes:,
,ghostie - kc,None,None,None,None,None,ghostie - kc,Connector,normal task - trick or treat,,,,,,,,,,,,normal task - trick or treat,Connector,normal task - trick or treat,None,None,None,None,None,grave - wildy,,end of leg houses - harder capstone tiles,
,Connector,,,None,None,,,,Connector,,,,,,,,,,,,Connector,,,,,,,,Connector,,"Harder tiles - Colo, Toa, Tob, Cox",
pumpkin - skilling,None,,,,,,,,Start,,,,,,,,,,,,end - bag of sweets,,,,,,,,None,ghostie - kc,,
