tile_id,tile_type,flavor_text,task_kind,task_target,task_amount,dialog_prompt,option_a_label,option_a_outcome,option_a_task_kind,option_a_task_target,option_a_task_amount,option_a_reward_gp,option_b_label,option_b_outcome,option_b_task_kind,option_b_task_target,option_b_task_amount,option_b_reward_gp,option_a_acceptable_drops_override,option_b_acceptable_drops_override
t-r19-c9,house,GigiEz,,,,"GigiEz throws the door open, staring at his own hands in disbelief. ""Both of them! Free! For the first time in weeks! Usually one's been pretty busy,"" he winks.",Congratulate him and bravely high-five his newly liberated hand,trick,custom,Vardorvis KC wearing only rune armor,1,,"Nod solemnly, understanding deeply",treat,custom,f2p Castle Wars KO,1,,,
t-r17-c8,house,Nova,,,,"Nova opens the door with a soft ""Bonsoir mes amis."" She gestures to a pot on the stove, where something warm and spiced is simmering. ""You have come at the perfect hour. Care for some?""","It smells divine, take a glass immediately",trick,custom,Volcanic Mine sulphur chunks,5500,,"Say ""merci"" with a little bow as you accept the drink",treat,custom,Hunter xp from maniacal monkeys,480000,,,
t-r15-c8,house,Allure,,,,"Allure leans against the doorframe with a smirk, a glass of dark red liquid in her hand. Somewhere behind her, TheLeechKing lets out a sound you can't quite place. She doesn't acknowledge it. ""Well hello, trick-or-treaters.""","Ignore the unholy noises, compliment her outfit",trick,custom,Screenshot KBD as it dies with at least 3 of your team all dressed in Halloween fancy dress,1,,"Respond with an earnest, ""Hewwo, pwincess...""",treat,custom,Screenshot Venenatis as it dies with at least 3 of your team all dressed in Halloween fancy dress,1,,,
t-r12-c8,house,Mossy Way,,,,"Mossy Way pokes her head around the door as she opens it. ""Ah, visitors."" A grin spreads across her face, fingertips pressed firmly together. ""What can I do for you on this... fine... evening..?"" ",Ask about the mischievous body language,trick,custom,"Find a secret location in the wildy based on the screenshot. Once you find it, gather 3 teammates and take a pic there with your favorite halloween outfits.",1,,Tell her about your adventures so far,treat,custom,Travel to a spooky spot in the Wilderness. Draw a Jack o' lantern on the minimap using dropped bat bones,1,,,
t-r9-c10,house,Raynerian,,,,"Raynerian answers the door mid-rant about Kalphite Queen. ""And THAT'S why she deserves top three bosses of all time. Oh hey, Happy Spooptober!""",Pull up a chair to listen to more of the rant,trick,uniques,kalphite_queen,4,,Offer to tag along to the next KQ trip,treat,custom,Golden tench,1,,Kalphite Princess|Dragon Chainbody|Dragon 2h Sword|Jar of Sand|Kq Head (not 256kc one),
t-r7-c12,house,Sankta,,,,"Sankta opens the door backlit by candlelight. A draft blows past you from inside, carrying something that smells like old parchment. ""Welcome, little ones. A trick, or a treat tonight?""",Ask what that smell is coming from,trick,skilling_xp,runecraft,800000,,Ask what the deal is with all the candles,treat,uniques,yama,1,,,Oathplate Helm|Oathplate Body|Oathplate Legs|Soulflame Horn|Yami
t-r7-c15,house,butt looker,,,,"Lemon opens the door, looks you up and down, says ""Eugh. Stinky."" and starts closing it. ""Wait,"" they say, holding it open a crack. ""Trick, or treat. I got something for you."" ",Promise to shower when you return next,trick,custom,Pollnivneach rooftop laps,100,,Wear the stinky designation with pride,treat,custom,"Log out, touch grass, cook a meal, take a picture and show me the meal. (Be serious!)",1,,,
t-r7-c17,house,Pirate Kanye,,,,"Pirate Kanye swings the door open. Behind her, two very cute dogs in tiny pumpkin and ghost costumes race around her ankles yapping. ""Say hi to these menaces first, then we will talk.""",Kneel down and greet the ghost dog first,trick,custom,Teleport anchoring scroll,1,,Kneel down and greet the pumpkin dog first,treat,skilling_xp,sailing,1000000,,,
t-r9-c20,house,Beetle,,,,Beetlerot cracks the door open and you catch a glimpse inside: a dozen rats in little costumes dancing around a lit pumpkin. They slam the door back to a sliver and hurriedly asks what you want.,Produce your own tiny rat-sized costume,trick,custom,Prescription Goggles from Mastering Mixology,1,,Swear on your life you saw nothing,treat,uniques,vorkath,2,,,Dragonbone Necklace|Jar of Decay|Vorkath's Head (not 50kc one)|Vorki|Skeletal Visage|Draconic Visage
t-r10-c22,house,Callalillly,,,,"Callalillly opens the door with a warm smile and a tray of homemade treats. ""Oh! Come in, come in. I'm so glad you stopped by!""",Step inside for a minute and warm your hands a bit,trick,custom,Zalcano kc,250,,Grab one and promise to visit again later,treat,custom,Strange Lockpicks from Hallowed Sepulchre,5,,,
t-r12-c22,house,Healsha,,,,"Healsha opens the door. You glance past him. The walls have holes. The ceiling has holes. The floor has holes. ""Do not ask about the holes. Trick or treat? uwu""",Ask about the holes anyway,trick,uniques,doom_of_mokhaiotl,1,,"Avoid asking about the holes, somehow",treat,uniques,doom_of_mokhaiotl,1,,Dom|Avernic Treads|Eye of Ayak|Mokhaiotl Cloth,Dom|Avernic Treads|Eye of Ayak|Mokhaiotl Cloth
t-r15-c22,house,BeJoyous,,,,"BeJoyous answers the door in a chef's coat, flour on his cheek. ""Perfect timing, I was just plating. You want a sweet little bite, or something... experimental?""",What uh... what is the experimental thing,trick,uniques,phosanis_nightmare,1,,You just ask for whatever smells the best,treat,custom,Pristine Spider Silks from Sarachnis,15,,Parasitic Egg|Inquisitor's Mace|Inquisitor's Great Helm|Inquisitor's Hauberk|Inquisitor's Plateskirt|Nightmare Staff|Eldritch Orb|Harmonised Orb|Volatile Orb|Little Nightmare|Jar of Dreams,
t-r17-c22,house,Kiuyu,,,,"Kiuyu opens the door, bald head gleaming under the porch light. On a stool behind him sits an entire bowl of soy sauce, no explanation. ""Soooo, get to it, trick or treat.""",Compliment the impressive dome,trick,uniques,duke_sucellus,2,,"Inquire about the soy sauce, it's placed precariously",treat,uniques,mad_angel,3,,Chromium Ingot|Eye of the Duke|Virtus Robe Top|Virtus Mask|Virtus Robe Bottom|Magus Ring|Baron|Gold Ring,Aggy|Hallowfell|Jar of Light
t-r19-c21,house,UIM Alchemy,,,,"UIM Alchemy opens the door. You can smell him from the sidewalk. ""Yeah sorry, haven't done laundry since I last wiped. And I don't mean wiped like... well, nevermind. What do you want?""",Ask what he's been grinding all week,trick,custom,"Make a cheese potato from scratch (no bank, no culi chest)",1,,Ask desperately about the next laundry cycle,treat,custom,LMS win,1,,,
t-r19-c7,ghost,,uniques,sarachnis,8,,,,,,,,,,,,,,Sraracha|Sarachnis Cudgel|Jar of Eyes|Pristine Spider Silk,
t-r18-c5,ghost,,uniques,royal_titans,3,,,,,,,,,,,,,,Ice Element Staff Crown|Fire Element Staff Crown,
t-r18-c3,grave,,uniques,artio,5,,,,,,,,,,,,,,Callisto Cub|Voidwaker Hilt|Tyrannical Ring|Dragon 2h Sword|Dragon Pickaxe|Claws of Callisto,
t-r19-c1,ghost,,custom,any uniques from K'ril or Bandos combined,4,,,,,,,,,,,,,,Staff of the Dead|Zamorakian Spear|Steam Battlestaff|Zamorak Hilt|K'ril Tsutsaroth Jr.|Bandos Chestplate|Bandos Tassets|Bandos Boots|Bandos Hilt|General Graardor Jr.,
t-r21-c0,pumpkin,,skilling_xp,slayer,400000,,,,,,,,,,,,,,,
t-r14-c7,ghost,,uniques,corrupted_gauntlet,2,,,,,,,,,,,,,,Enhanced Crystal Weapon Seed|Crystal Weapon Seed|Crystal Armour Seed|Youngllef,
t-r12-c5,pumpkin,,skilling_xp,thieving,1100000,,,,,,,,,,,,,,,
t-r12-c3,ghost,,uniques,amoxliatl,6,,,,,,,,,,,,,,Moxi|Glacial Temotli,
t-r14-c2,black-cat,,uniques,tombs_of_amascut,2,,,,,,,,,,,,,,Tumeken's Guardian|Tumeken's Shadow|Osmumten's Fang|Masori Mask|Masori Body|Masori Chaps|Lightbearer|Elidinis' Ward,
t-r16-c0,house,Lad Ryan,,,,"Lad Ryan opens the door, standing at perfect attention. ""Reporting in. Candy supply: adequate. Porch defenses: holding. Threat level: cute goblins at the gate."" he nods, dead serious. ""State your intention. Trick, or treat.""",Break the fourth wall and ask if he's okay,trick,custom,Praying Mantis CA,1,,Stand at attention and salute,treat,uniques,sol_heredit,1,,,Sunfire Fanatic Helm|Sunfire Fanatic Cuirass|Sunfire Fanatic Chausses|Tonalztics of Ralos|Echo Crystal|Smol Heredit
t-r9-c8,ghost,,uniques,vorkath,5,,,,,,,,,,,,,,Dragonbone Necklace|Jar of Decay|Vorkath's Head (not 50kc one)|Vorki|Skeletal Visage|Draconic Visage,
t-r8-c6,ghost,,custom,any uniques from Whisperer or Leviathan combined,4,,,,,,,,,,,,,,Bellator Ring|Chromium Ingot|Wisp|Virtus Robe Top|Siren's Staff|Virtus Mask|Virtus Robe Bottom|Gold Ring|Venator Ring|Lil'viathan|Leviathan's Lure,
t-r8-c4,grave,,uniques,calvarion,5,,,,,,,,,,,,,,Vet'ion Jr.|Voidwaker Blade|Ring of the Gods|Dragon 2h Sword|Dragon Pickaxe|Skull of Vet'ion,
t-r10-c2,pumpkin,,skilling_xp,hunter,1000000,,,,,,,,,,,,,,,
t-r12-c0,house,fartscapes,,,,"Fartscapes opens the door wearing novelty slippers shaped like bigger feet. ""You timed it right. I was just about to settle in with a horror movie, but I might opt for Spice World. Thoughts?""",Ask what Spice World is,trick,custom,Infinity Boots from MTA,1,,Ask what horror movie,treat,custom,10 kc at each GWD boss (40 total),40,,,
t-r6-c10,house,Bram bo,,,,"Bram bo yanks the door open before you've even knocked, breathless. ""Oh my, I'm SO glad you came, I was practicing my spooky voice in the mirror and now I can't stop. Hoo-OO-oooh!""",Ask him to do the spooky voice again,trick,skilling_xp,slayer,250000,,"Say ""Okay, now do a Mariah Carey impression""",treat,custom,Hard Clue scrolls completions,50,,,
t-r5-c8,ghost,,uniques,hueycoatl,3,,,,,,,,,,,,,,Huberte|Hueycoatl Hide|Tome of Earth|Dragon Hunter Wand,
t-r3-c6,black-cat,,uniques,chambers_of_xeric,2,,,,,,,,,,,,,,Olmlet|Twisted Bow|Elder Maul|Kodai Insignia|Dragon Claws|Ancestral Hat|Ancestral Robe Top|Ancestral Robe Bottom|Dexterous Prayer Scroll|Arcane Prayer Scroll|Dinh's Bulwark|Dragon Hunter Crossbow|Twisted Buckler|Metamorphic Dust|Twisted Ancestral Colour Kit,
t-r1-c4,house,Lyreth,,,,"The door opens on its own. Actually no, Lyreth's dog Batman opens it. He is wearing a tiny Batman cowl. Lyreth is nowhere to be seen. Batman stares at you expectantly.","Say ""I'm da jokaaa"" and laugh at your own joke",trick,skilling_xp,agility,800000,,Do your best Batman impression,treat,custom,800 giant mole kc and screenshot with the best possible team fashionscape,800,,,
t-r2-c2,pumpkin,,skilling_xp,mining,640000,,,,,,,,,,,,,,,
t-r4-c0,ghost,,uniques,scurrius,10,,,,,,,,,,,,,,Scurrius' Spine|Scurry,
t-r6-c0,grave,,uniques,chaos_elemental,1,,,,,,,,,,,,,,Pet Chaos Elemental,
t-r8-c0,pumpkin,,custom,Amy's Saw from Mahogany Homes,1,,,,,,,,,,,,,,,
t-r5-c18,pumpkin,,custom,Herb Sack from Tithe Farm,1,,,,,,,,,,,,,,,
t-r4-c20,ghost,,custom,any uniques from Duke or Vardorvis combined,4,,,,,,,,,,,,,,Chromium Ingot|Eye of the Duke|Virtus Robe Top|Virtus Mask|Virtus Robe Bottom|Magus Ring|Baron|Gold Ring|Ultor Ring|Executioner's Axe Head|Butch,
t-r3-c22,pumpkin,,skilling_xp,runecraft,800000,,,,,,,,,,,,,,,
t-r1-c23,black-cat,,uniques,fortis_colosseum,2,,,,,sol_heredit,,,,,,,,,Sunfire Fanatic Helm|Sunfire Fanatic Cuirass|Sunfire Fanatic Chausses|Tonalztics of Ralos|Echo Crystal|Smol Heredit,
t-r1-c25,pumpkin,,custom,Colossal Blade from Giants Foundry,1,,,,,,,,,,,,,,,
t-r3-c27,ghost,,uniques,giant_mole,10,,,,,,,,,,,,,,Immaculate Mole Skin,
t-r4-c29,grave,,uniques,spindel,5,,,,,,,,,,,,,,Venenatis Spiderling|Voidwaker Gem|Treasonous Ring|Dragon 2h Sword|Dragon Pickaxe|Fangs of Venenatis,
t-r6-c30,ghost,,uniques,muspah,4,,,,,,,,,,,,,,Muphin|Ancient Icon|Venator Shard,
t-r8-c30,house,CuteLilKitty,,,,"CuteLilKitty throws the door open and gasps. ""OH MY GOD you came! You came to MY house! This is the BEST!"" he claps his hands. ""Okay okay okay. Trick or treat??""",Match that energy,trick,uniques,kalphite_queen,1,,Give a shy little wave,treat,custom,Any Awakeners Orb from a DT2 boss,1,,Kalphite Princess|Dragon Chainbody|Dragon 2h Sword|Jar of Sand|Kq Head (not 256kc one),
t-r8-c24,ghost,,uniques,dagannoth_kings,5,,,,,,,,,,,,,,Berserker Ring|Archers Ring|Seers Ring|Warrior Ring,
t-r6-c26,black-cat,,uniques,maggot_king,2,,,,,,,,,,,,,,Crimson Kisten|Elder Venator Fang|Maggot Marquess,
t-r8-c27,ghost,,custom,any uniques from Kree'ara or Zilyana combined,4,,,,,,,,,,,,,,Armadyl Chestplate|Armadyl Chainskirt|Armadyl Helmet|Armadyl Hilt|Kree'arra Jr.|Saradomin Sword|Armadyl Crossbow|Saradomin's Light|Saradomin Hilt|Zilyana Jr.,
t-r10-c29,grave,,custom,revenant weapon or totem over 1m value,1,,,,,,,,,,,,,,,
t-r12-c30,ghost,,custom,Imcamdo Hammer,1,,,,,,,,,,,,,,,
t-r15-c24,pumpkin,,skilling_xp,woodcutting,1500000,,,,,,,,,,,,,,,
t-r13-c26,house,Lexilotl,,,,"Lexilotl cracks the door open. Behind her, a smut audiobook blasts something about ""his girthy meat popsicle"" before she slams a nearby pause button. ""Heh, uh, oh! Trick-or-treaters! What a lovely surprise. Pick your poison.""",Ask what the book title is,trick,skilling_xp,sailing,1600000,,Ask if you can be a plus one for the next chapter,treat,uniques,chambers_of_xeric,1,,,Olmlet|Twisted Bow|Elder Maul|Kodai Insignia|Dragon Claws|Ancestral Hat|Ancestral Robe Top|Ancestral Robe Bottom|Dexterous Prayer Scroll|Arcane Prayer Scroll|Dinh's Bulwark|Dragon Hunter Crossbow|Twisted Buckler
t-r15-c28,grave,,uniques,scorpia,3,,,,,,,,,,,,,,Odium Shard|Malediction Shard,
t-r17-c30,pumpkin,,custom,Gnome Scarf,1,,,,,,,,,,,,,,,
t-r19-c23,house,Disco Horse,,,,"Disco Horse opens the door with a camera in one hand and a bruise forming on his shin. The glimpse of the house behind him is littered with skateboards and cameras on sticks. ""Perfect timing. Get in here.""",Pick up a camera and start snapping pics,trick,custom,phosanis_nightmare,60,,Take a skateboard... a dry one,treat,custom,Penance Queen kills,15,,,
t-r18-c25,black-cat,,uniques,yama,1,,,,,,,,,,,,,,Oathplate Helm|Oathplate Body|Oathplate Legs|Soulflame Horn|Yami,
t-r18-c27,pumpkin,,skilling_xp,fishing,540000,,,,,,,,,,,,,,,
t-r19-c29,grave,,uniques,king_black_dragon,4,,,,,,,,,,,,,,Dragon Pickaxe|Draconic Visage|Prince Black Dragon|Kbd Heads,
t-r21-c30,ghost,,uniques,zulrah,3,,,,,,,,,,,,,,Tanzanite Fang|Magic Fang|Serpentine Visage|Uncut Onyx|Snakeling|Jar of Swamp|Tanzanite Mutagen|Magma Mutagen,
